{"cameraMode":{"drawMode":0,"name":"Shaded","section":"Shading Mode"},"sceneLighting":false,"audioPlay":false,"sceneViewState":{"showFog":true,"showMaterialUpdate":false,"showSkybox":false,"showFlares":true,"showImageEffects":true,"showParticleSystems":true},"in2DMode":false,"pivot":{"x":0.0,"y":0.1462494134902954,"z":-0.25047779083251955},"rotation":{"x":-0.5499857068061829,"y":0.1645166426897049,"z":-0.11154356598854065,"w":-0.8111836910247803},"size":6.131385803222656,"orthographic":false}