{"cameraMode":{"drawMode":0,"name":"Shaded","section":"Shading Mode"},"sceneLighting":true,"audioPlay":false,"sceneViewState":{"showFog":true,"showMaterialUpdate":false,"showSkybox":true,"showFlares":true,"showImageEffects":true,"showParticleSystems":true},"in2DMode":false,"pivot":{"x":-4.338682174682617,"y":-1.41163969039917,"z":-2.358290195465088},"rotation":{"x":-0.05134258046746254,"y":0.911813497543335,"z":-0.3892751634120941,"w":-0.12024667859077454},"size":4.847114562988281,"orthographic":false}